Age,Spring,Fall
1,0.008162571,0.2497399
2,0.7685248,0.9878716
3,0.999254,0.9999498
4,0.9999981,0.9999998
5,1,1
6,1,1
7,1,1
8,1,1
9,1,1
10,1,1
